keyword,count
Pakistan,2
Malala Yousafzai,1
Shehbaz Sharif,1
Sin tax,1
Iran,11
Harvard University,1
Azam Khan Swati,1
"Kartarpur, Pakistan",1
India,3
Afghanistan,1
Manis,1
George H. W. Bush,10
Brexit,6
Singapore,2
Malaysia,2
Papua,1
Japan,18
Rohingya people,1
Indonesia,1
Israel,4
Fonterra,1
Saint Kentigern College,1
Auckland,1
Nehe Milner-Skudder,1
New Zealand,1
Santa Claus,1
Climate change,1
United Kingdom,3
Marcel Koller,1
Donald Trump,4
Rudolph Giuliani,1
Serbia,2
Hilton hotels,2
FC Basel,1
Kosovo,1
Switzerland,1
Belgium,2
worry barometer,1
Colombia,2
Hugo Chavez,1
Jair Bolsonaro,3
Cuba,1
Polisario Front,1
Morocco,2
Hezbollah,2
Deutsche Annington Immobilien Gruppe,1
Angela Merkel,1
Unemployment benefit II,1
Berlin,1
Hartz concept,1
Christian Democratic Union of Germany,1
Hamburg,1
George HW Bush,9
Center for Political Beauty,1
Friedrich Merz,1
Federal Office for the Protection of the Constitution and Counter-Terrorism,1
Vienna,1
Wolfgang Bowl,1
Austrian word of the year,1
Danube,1
Salzburg,1
Krampus,1
Sebastian Kurz,2
Huawei,6
Bonita Mabo,1
Australia national cricket team,2
Me Too movement,2
India national cricket team,1
Ballarat,1
Eddie Mabo,1
Buninyong,1
Australia,1
Bushfires in Australia,1
jarovce,1
Richard Sulík,1
Miroslav Lajčák,1
Slovakia,1
resignation,1
Marián Kočner,1
Pavol Russia,1
Russia,11
Peter Pellegrini,1
Tunnel Višňové,1
Iwagumi Hisashi,1
Yoshiji Tonoiwa,1
Bookshop,1
Yomiuri Giants,1
Softbank Group,1
Technical intern training,1
Seattle · Mariners,1
Water supply law,1
Unlicensed driving,1
Naftali Bennett,1
Benjamin Netanyahu,1
Europe,1
Streets,1
Ezra Sheinberg,1
Hebrew University of Jerusalem,1
The European Union,1
Gila Gamliel,1
Lebanon,2
Samir Geagea,1
Bint Jbeil,1
Syria,1
Nabih Berri,1
Hamas,1
Palestine,1
Gibran Basil,1
Tripoli,1
Kfrkla,1
Cardi B,1
Manchester United F.C.,1
Pelé,1
Diezani Alison-Madueke,1
All Progressives Congress,1
Nigerian National Petroleum Corporation,1
Chelsea F.C.,2
Economic and Financial Crimes Commission,1
Lionel Messi,1
Google Allo,5
Fortnite,5
Priyanka Chopra,6
Fallout 76,4
Johann Rupert,2
Nick Jonas,6
Bethesda Softworks,4
Samsung Galaxy Note 9,2
Charles Muhangi,1
Qualcomm Snapdragon,2
Toronto Raptors,1
Supreme Court of the United States,1
Philadelphia 76ers,1
Double jeopardy,1
France,2
Tennessee,1
Mahathir Bin Mohamad,1
Bukit Batok,1
Noble Group,1
China,1
Trade agreement,1
Oscar Albayalde,1
Rodrigo Duterte,1
Baguio,1
Asia,1
Antonio Trillanes,1
Philippine Drug War,1
Abu Sayyaf,1
Department of Justice,1
Gloria Macapagal Arroyo,1
Sulu,1
Donal Farmer,1
Insurance,1
Glenroe,1
Theresa May,1
Abortion,1
Health Service Executive,1
Raila Odinga,1
Uhuru Kenyatta,1
Moody Awori,1
Governor of the Central Bank of Kenya,1
Kenya,1
Orange Democratic Movement,1
Patrick Ngugi Njoroge,1
Burundi,1
United Nations,1
Philomena Mbete Mwilu,1
Nana Akufo-Addo,1
National Democratic Congress,1
John Mahama,1
Ghana,1
Stonebwoy,1
Shatta Wale,1
Owusu Afriyie Akoto,1
Benin,1
Sinohydro,1
Ekwow Spio-Garbrah,1
Vietnam,1
Vietnam national football team,1
President of the United States,1
Ukraine,3
Kien Giang,1
USA,3
People&#39;s Assembly,1
Hanoi,1
Abu Dhabi,1
Egypt,2
Forbes,1
Ethiopia,1
Tsvetan Vassilev,1
Ljubisa Georgievski,1
Corporate Commercial Bank,1
Nikolay Banev,1
Nikolay the Miracleworker,1
Karlovo,1
Bulgaria,1
Thrace,1
Evgenia Baneva,1
Turkey,2
Yemen,4
Wolverhampton Wanderers F.C.,1
Travel visa,1
Sweden,2
Cannabis,1
Saudi Arabia,2
Michael Flynn,1
Illinois,1
Michigan,1
Republican Party,1
Robert Mueller,1
South Africa national cricket team,1
State capture,1
South African Broadcasting Corporation,1
Joel Netshitenzhe,1
Cricket,1
African National Congress,1
Pakistan national cricket team,1
Latvia,1
The Saeima,1
Road Safety Directorate,1
Armands Birkens,1
Pussy Riot,1
Imants Lancmanis,1
Raimonds Vējonis,1
President of Latvia,1
Chicago Five,1
Tilburg,1
Oostvaardersplassen,1
GVB,1
Koos Plooij,1
&#39;Ndrangheta,1
Maastricht,1
Bénédicte Ficq,1
The Netherlands,1
Flevoland,1
Limburg,1
Mahmoud Trezeguet,1
Alahli football club,1
Medhat Shalaby,1
Misr Clearing Club,1
Warraq,1
Anwar Gargash,3
Mahmoud Wahid,1
Saudi,1
Republican People&#39;s Party,1
North Cyprus,1
Sırrı Süreyya Önder,1
Council of state,1
Turkish Armed Forces,1
Ankara,1
Selahattin demirtaş,1
Peoples&#39; Democratic Party,1
Central European University,1
Hungarian scientific Academy,1
Gergely Gulyás,1
Budakeszi Wildlife Park,1
Hungary,1
Hando Tünde,1
Zoltán Kovács,1
Paks,1
Budapest,1
Ernst Kirchsteiger,1
The Christian Democrats,1
Moderates,1
SJ,1
Boras,1
The Social Democrats,1
Communist Party,1
AIK Football,1
Liechtenstein,1
Prague,1
Klára Dostálová,1
Czechia,1
Miloš Zeman,1
Chamber of Deputies of the Parliament of the Czech Republic,1
Road and Motorway Directorate of the Czech Republic,1
The Stork Nest Case,1
Cocaine,1
Dopravní podnik hl. m. Prague,1
Navjot Singh Sidhu,1
Savitri Bai Phule,1
Sharad Yadav,1
Central investigation bureau,1
Indian Cricket Team,1
Bharatiya Janata Party,1
face,1
Alok Kumar Verma,1
George Bush the Father,2
Diameter,2
Bahrain,2
Somalia,1
Air strike,1
Gulf Cooperation Council,2
The United Arab Emirates,2
Pope Francis,2
Ali Bongo Ondimba,1
Saad Lamjarred,1
Jamal Khashoggi,1
Gabon,1
G5 Sahel,1
Careem,1
Western Sahara,1
FISC administration,1
Lee Young Ryeol,1
Kim Jung Sook,1
Gwangju,1
High Young,1
Seoul Metropolitan Office of Education,1
"Park, Byeong",1
Justice of the Republic of Korea,1
Seoul,1
kindergarden,1
Levica,1
Franc Kangler,1
Roman Leljak,1
Austria,1
Slovenia,1
Celovška cesta,1
Boris Popovich,1
District Court in Slovenj Gradec,1
Prime Minister of the Republic of Slovenia,1
Polish Financial Supervision Authority,1
Poland,1
Jaroslaw Kaczynski,1
snowball,1
Warsaw,1
Modern,1
Henryk Jankowski,1
Tadeusz Rydzyk,1
gdańsk,1
Whatsapp,1
Nicolás Maduro,2
Inter-American Commission on Human Rights,1
Venezuela,2
Vladimir Putin,2
Evo Morales,2
Emmanuel Macron,2
Mobile phone,1
Linn-Kristin Riegelhuth Koren,1
University of Stavanger,1
SIV Jensen,1
Bjørnar Moxnes,1
Statistics Norway,1
Stord,1
Jonas Gahr Støre,1
Trine Skei Grande,1
Abid Raja,1
Zhang Shouyi,1
Beijing,1
Chongqing,1
dog,1
Portugal,1
Xi Jinping,1
People&#39;s Republic,1
People&#39;s Republic of China Ministry of Commerce,1
Rigorological examination,1
Dog bite,1
Seri Pitsuya,1
Rangers,1
Free Thai Party,1
Pattani Province,1
Buriram province,1
Bearing Station,1
Thailand,1
Samut Prakarn Province,1
Loei province,1
Junior of Barranquilla,1
Gustavo Petro,1
Joaquín Guzmán Loera,1
Clube Atlético Paranaense,1
Juan Carlos Ramírez Abadía,1
South American Cup,1
Club Universidad de Chile,1
Macul,1
Earthquake,1
National Television of Chile,1
Fire,2
Cabify,1
police from Chile,1
Chile,1
Araucania region,1
Hussain Muhammad Ershad,1
Apu Biswas,1
Khaleda Zia,1
Hero Alam,1
Mirza Fakhrul Islam Alamgir,1
Pabna district,1
Narail District,1
Bangladesh,1
Padma river,1
Jatiya Party (Ershad),1
Aleksandar Vucic,1
Ramush Haradinaj,1
Republic of Kosovo,1
Behgjet Pacoli,1
NATO,1
Pristina,1
Ana Brnabić,1
White City,1
European Union,1
Rome,1
Democratic party,1
Matteo Salvini,1
Armando Spataro,1
Band of the Magliana,1
Public minister,1
Marco Minniti,1
Matteo Renzi,1
OPEC,1
Khaled Al Faleh,1
Thiseio,1
Albania,1
Ministry of Foreign Affairs,1
Thessaloniki,1
Hellas,1
Gulf of Thessaloniki,1
Patras,1
Rhodes,1
Democritus University of Thrace,1
Senegal,1
Sidy Lamine Niasse,1
Estonia,1
Benign,1
Aminata Toure,1
Macky Sall,1
Dakar,1
Tivaouane,1
Kersti Kaljulaid,1
Party of Unity and Gathering,1
Dmitry Anatolyevich Medvedev,1
Alexander Nikolaevich Sokurov,1
Ingushetia,1
Chechnya,1
Davos,1
Ukrainian Navy,1
Oil,1
The Verkhovna Rada,1
Benito Cerati,1
Club Atlético Boca Juniors,3
Chamber of Deputies of the Argentine Nation,1
Sergio Berni,1
Gustavo Cerati,1
River Plate Athletic Club,1
Copa Libertadores de América,1
Ministry of Health and Social Development,1
César Hinostroza,1
World Trade Organization,1
Argentina,1
Referendum,1
Alan García,1
Peru,1
Nicaragua,1
"Attacks of November 13, 2015 in France",1
Hamois,1
Brussels-Capital Region,1
la France,1
Jalhay,1
Édouard Philippe,1
North Korea,1
Luxembourg,1
Deputy,1
Sport Lisboa and Benfica,1
Social Democratic Party,2
Departure from the United Kingdom of the European Union,1
Football Club Paços de Ferreira,1
Petro Poroshenko,1
Ukrainian Insurgent Army,1
Georgia,1
Homily Olga Vadimovna,1
Kurt Walker,1
Black Sea,1
Presidents of Georgia,1
Rolandas Paksas,1
Ministry of Education and Science of the Republic of Lithuania,1
Seimas of the Republic of Lithuania,1
Eligijus Masiulis,1
Vilnius,1
Klaipeda,1
Artūras Zuokas,1
Lithuania,1
Lithuanian Education Workers&#39; Union,1
Payment,1
Superior Council of Magistracy,1
Klaus Iohannis,1
Romania,1
Control Club,1
Viorica Dăncilă,1
Bucharest,1
Union Save Romania,1
Jean-Claude Juncker,1
High Court of Cassation and Justice,1
Strasbourg,1
Laurent Wauquiez,1
Gérald Darmanin,1
Emission of carbon dioxide,1
Motion of censure,1
Strike,1
High School in France,1
France insubordinate,1
Claudia Sheinbaum,1
Naucalpan de Juárez,1
Cruz Azul Soccer Club,1
Monterrey Soccer Club,1
Emilio Lozoya Austin,1
Mexico City,1
Cuitláhuac García Jiménez,1
New International Airport of Mexico City,1
Zumi Zola,1
Ma&#39;ruf Amin,1
Bahar bin Smith,1
Joko Widodo,1
Hamengkubawana X,1
Corpse,1
Electronic Identity Card,1
Prabowo Subianto,1
Free Papua Organization,1
Ngayogyakarta Hadiningrat Palace,1
He Zhiping,1
Lin Zhiying,1
Hong Kong,1
Mandatory Provident Fund,1
File method,1
Zhu Kaidi,1
Western ring,1
Hong Kong Legislative Council,1
Kwun Tong Town Centre Redevelopment Project,1
Drink,1
Tu Xingzhe,1
Tsai English,1
Improper Party Production Committee,1
Nana,1
Ke Wenzhe,1
Chinese Kuomintang Party Product Disputes,1
Huang Minhui,1
Democratic Progressive Party,1
Republic of China Women&#39;s Federation,1
National Zhongshan Institute of Science,1
Brasilia International Airport,1
Ricardo Lewandowski,1
Flávio Bolsonaro,1
Rio de Janeiro,1
Federal Police of Brazil,1
Brasilia,1
Federal Court of Justice,1
Samba school,1
